{"vertices":[-0.707107,0,-0.707107,0,1,0,0.707107,0,-0.707107,0.707107,0,-0.707107,0,1,0,0.707107,0,0.707107,0.707107,0,0.707107,0,1,0,-0.707107,0,0.707107,-0.707107,0,0.707107,0,1,0,-0.707107,0,-0.707107,-0.707107,0,-0.707107,0.707107,0,-0.707107,0,-1,0,0.707107,0,-0.707107,0.707107,0,0.707107,0,-1,0,0.707107,0,0.707107,-0.707107,0,0.707107,0,-1,0,-0.707107,0,0.707107,-0.707107,0,-0.707107,0,-1,0],"normals":[0,0.5774,-0.8165,0,0.5774,-0.8165,0,0.5774,-0.8165,0.8165,0.5774,0,0.8165,0.5774,0,0.8165,0.5774,0,0,0.5774,0.8165,0,0.5774,0.8165,0,0.5774,0.8165,-0.8165,0.5774,0,-0.8165,0.5774,0,-0.8165,0.5774,0,0,-0.5774,-0.8165,0,-0.5774,-0.8165,0,-0.5774,-0.8165,0.8165,-0.5774,0,0.8165,-0.5774,0,0.8165,-0.5774,0,0,-0.5774,0.8165,0,-0.5774,0.8165,0,-0.5774,0.8165,-0.8165,-0.5774,0,-0.8165,-0.5774,0,-0.8165,-0.5774,0],"texcoords":[0.25,0.63,0.25,0.75,0.37,0.75,0.37,0.75,0.25,0.75,0.25,0.87,0.25,0.87,0.25,0.75,0.13,0.75,0.13,0.75,0.25,0.75,0.25,0.63,0.25,0.63,0.37,0.75,0.25,0.75,0.37,0.75,0.25,0.87,0.25,0.75,0.25,0.87,0.13,0.75,0.25,0.75,0.13,0.75,0.25,0.63,0.25,0.75],"indices":[0,1,2,3,4,5,6,7,8,9,10,11,12,13,14,15,16,17,18,19,20,21,22,23]}